Date,Actual_Event,Max_Station_Prob,Station_ID_with_Max_Prob
2026-01-01,0,0.09003573656082153,YOG
2026-01-02,0,0.21566897630691528,GTO
2026-01-03,1,0.310558557510376,SRO
2026-01-04,0,0.07630841434001923,KPY
2026-01-05,0,0.2879253625869751,GTO
2026-01-06,0,0.06108782812952995,LWK
2026-01-07,1,0.05756727606058121,AMB
2026-01-08,1,0.22445371747016907,GSI
2026-01-09,0,0.10665667802095413,TND
2026-01-10,1,0.2885141670703888,LUT
2026-01-11,0,0.1435433328151703,MLB
2026-01-12,0,0.1621696650981903,JYP
2026-01-13,0,0.2555749714374542,SMI
2026-01-14,0,0.0933302491903305,SCN
2026-01-15,0,0.08800271898508072,TNT
2026-01-16,1,0.18280500173568726,SMI
2026-01-17,0,0.2834361791610718,SBG
2026-01-18,1,0.2836616039276123,SMI
2026-01-19,0,0.23224210739135742,MLB
2026-01-20,0,0.21996216475963593,MLB
2026-01-21,1,0.2139359712600708,SCN
2026-01-22,0,0.13160564005374908,SBG
2026-01-23,0,0.11805643886327744,TRT
2026-01-24,1,0.13079658150672913,LWK
2026-01-25,1,0.12965427339076996,SCN
2026-01-26,1,0.14335055649280548,GTO
2026-01-27,1,0.16389326751232147,LPS
2026-01-28,1,0.1552484929561615,SCN
2026-01-29,0,0.14760622382164001,JYP
2026-01-30,0,0.16453933715820312,SRO
2026-01-31,0,0.28535890579223633,GSI
2026-02-01,0,0.05325205996632576,TRT
2026-02-02,0,0.0659148320555687,CLP
2026-02-03,1,0.0538630336523056,LUT
2026-02-04,1,0.0790603905916214,ALR
2026-02-05,1,0.24539725482463837,SMI
2026-02-06,1,0.27062153816223145,LPS
2026-02-07,0,0.30030977725982666,ALR
2026-02-08,0,0.09948546439409256,GTO
2026-02-09,0,0.07063671946525574,GSI
2026-02-10,0,0.1163790300488472,SKB
2026-02-11,0,0.25308749079704285,CLP
2026-02-12,0,0.08692631125450134,CLP
2026-02-13,1,0.2426598072052002,GTO
2026-02-14,1,0.19056595861911774,CLP
2026-02-15,0,0.2424495667219162,SKB
2026-02-16,1,0.28438782691955566,AMB
2026-02-17,0,0.15587784349918365,SKB
2026-02-18,0,0.08518803864717484,YOG
2026-02-19,1,0.08905196189880371,MLB
2026-02-20,0,0.09733431786298752,PLU
2026-02-21,0,0.08846300840377808,SMI
2026-02-22,0,0.24653376638889313,TND
2026-02-23,0,0.27232271432876587,LPS
2026-02-24,1,0.20324161648750305,JYP
2026-02-25,0,0.15517757833003998,SKB
2026-02-26,0,0.2914426922798157,JYP
2026-02-27,0,0.09035138040781021,SBG
2026-02-28,1,0.0731559470295906,YOG
2026-03-01,0,0.33643463253974915,TRT
2026-03-02,1,0.05277125909924507,SRG
2026-03-03,1,0.21505573391914368,PLU
2026-03-04,0,0.310365229845047,SKB
2026-03-05,0,0.054604917764663696,LUT
2026-03-06,1,0.0876561775803566,GSI
2026-03-07,1,0.2330816239118576,SCN
2026-03-08,1,0.23811958730220795,SBG
2026-03-09,0,0.2806609869003296,GSI
2026-03-10,0,0.2625611424446106,SBG
2026-03-11,0,0.2510561943054199,LWA
2026-03-12,1,0.12519846856594086,YOG
2026-03-13,0,0.23396523296833038,YOG
2026-03-14,0,0.15681461989879608,TRD
2026-03-15,0,0.2278173416852951,TND
2026-03-16,1,0.27874210476875305,SBG
2026-03-17,0,0.05497273802757263,LUT
2026-03-18,0,0.049268171191215515,GSI
2026-03-19,0,0.044974539428949356,TND
2026-03-20,0,0.14247262477874756,TND
2026-03-21,1,0.1434256136417389,SBG
2026-03-22,0,0.13578912615776062,SMI
2026-03-23,0,0.1389453262090683,GSI
2026-03-24,0,0.13811779022216797,SRO
2026-03-25,0,0.22764167189598083,LWK
2026-03-26,1,0.3156304955482483,KPY
2026-03-27,0,0.3598020076751709,JYP
2026-03-28,1,0.18207764625549316,MLB
2026-03-29,1,0.2909039258956909,SCN
2026-03-30,0,0.24005143344402313,YOG
2026-03-31,0,0.11836860328912735,GTO
2026-04-01,1,0.07663039863109589,LUT
2026-04-02,1,0.14945176243782043,TRD
2026-04-03,1,0.15649496018886566,ALR
2026-04-04,1,0.13453969359397888,AMB
2026-04-05,0,0.17904017865657806,GSI
2026-04-06,0,0.2994028925895691,MLB
2026-04-07,0,0.3087218105792999,SCN
2026-04-08,0,0.22320525348186493,KPY
2026-04-09,0,0.25079596042633057,SRG
2026-04-10,0,0.2445300817489624,KPY
2026-04-11,0,0.21403926610946655,SBG
2026-04-12,0,0.07410594820976257,LWA
2026-04-13,0,0.04455248638987541,KPY
2026-04-14,0,0.046525780111551285,PLU
2026-04-15,0,0.049721650779247284,TNT
2026-04-16,0,0.043897610157728195,LPS
2026-04-17,1,0.06206713244318962,LUT
2026-04-18,1,0.14951984584331512,GSI
2026-04-19,0,0.17087043821811676,TRD
2026-04-20,1,0.16250748932361603,GSI
2026-04-21,1,0.15582837164402008,KPY
2026-04-22,0,0.08922271430492401,AMB
2026-04-23,0,0.1658591330051422,KPY
2026-04-24,1,0.15928395092487335,SBG
2026-04-25,1,0.2249060720205307,SKB
2026-04-26,0,0.1477760374546051,TRT
2026-04-27,0,0.08871752768754959,LWA
2026-04-28,0,0.043605219572782516,MLB
2026-04-29,0,0.04987993463873863,SRG
2026-04-30,0,0.20418736338615417,PLU
2026-05-01,0,0.23055647313594818,SCN
